-- phpMyAdmin SQL Dump
-- version 5.1.1
-- https://www.phpmyadmin.net/
--
-- Host: 127.0.0.1
-- Generation Time: Jan 24, 2023 at 04:29 PM
-- Server version: 10.4.22-MariaDB
-- PHP Version: 7.4.27

SET SQL_MODE = "NO_AUTO_VALUE_ON_ZERO";
START TRANSACTION;
SET time_zone = "+00:00";


/*!40101 SET @OLD_CHARACTER_SET_CLIENT=@@CHARACTER_SET_CLIENT */;
/*!40101 SET @OLD_CHARACTER_SET_RESULTS=@@CHARACTER_SET_RESULTS */;
/*!40101 SET @OLD_COLLATION_CONNECTION=@@COLLATION_CONNECTION */;
/*!40101 SET NAMES utf8mb4 */;

--
-- Database: `telugucalender2023`
--

-- --------------------------------------------------------

--
-- Table structure for table `audios`
--

CREATE TABLE `audios` (
  `id` int(11) NOT NULL,
  `title` text DEFAULT NULL,
  `image` text DEFAULT NULL,
  `lyrics` text DEFAULT NULL,
  `audio` text DEFAULT NULL
) ENGINE=InnoDB DEFAULT CHARSET=utf8mb4;

--
-- Dumping data for table `audios`
--

INSERT INTO `audios` (`id`, `title`, `image`, `lyrics`, `audio`) VALUES
(1, 'Hara Hara Mahadev', 'upload/audio/1764-2023-01-13.jpg', 'Abhilipsa Panda, Jeetu Sharma,', 'upload/mp3/6469-2023-01-13.mp3'),
(2, 'Hanuman Chalisa', 'upload/audio/9785-2023-01-18.jpg', 'xc', 'upload/mp3/7734-2023-01-18.mp3');

-- --------------------------------------------------------

--
-- Table structure for table `balli_sasthram`
--

CREATE TABLE `balli_sasthram` (
  `id` int(11) NOT NULL,
  `title` text DEFAULT NULL,
  `description` text DEFAULT NULL
) ENGINE=InnoDB DEFAULT CHARSET=utf8mb4;

--
-- Dumping data for table `balli_sasthram`
--

INSERT INTO `balli_sasthram` (`id`, `title`, `description`) VALUES
(1, 'బల్లి శాస్త్రం స్త్రీలకు', 'తలపై  -  మరణ భయం\r\nకొప్పు పై  -  రోగాల భయం\r\nకుడి కన్ను  -  మనోవ్యధ, అనవసరమైన టెన్షన్స్\r\nరెండు పెదవులపై  -  కష్టాలు, సమస్యలు ఫేస్ చేయాలి\r\nవీపు పై  -  మరణవార్త వింటారు\r\nగోళ్ల పై  -  చిన్న చిన్న కలహాలు, గొడవలు\r\nఎడమ చేయి  -  మెంటల్ స్ట్రైన్, అనవసరమైన ఒత్తిడి\r\nచీలమండము  -  కష్టాలు\r\nపై పెదవి  -  విరోధములు కలుగుతాయి\r\nకుడికాలు  -  శత్రు నాశనం జరుగుతుంది\r\nకాలి వేళ్లు  -  పుత్రుడు జన్మిస్తాడు\r\nరొమ్ము లేక వక్షస్థలం  -  మంచి జరుగుతుంది\r\nకుడి చెంప  -  మగ శిశువు జన్మిస్తాడు\r\nకుడి చెవి  -  ధన లాభం, ఆదాయం\r\nవేళ్లపై  -  నగల ప్రాప్తి\r\nకుడి భుజం  -  కామ రాతి ప్రాప్తి కలుగుతుంది\r\nభుజం  -  నగల ప్రాప్తి\r\nతొడలు  -  కామము\r\nమోకాళ్లు  -  ఆదరణ, అభిమానం, బంధము\r\nచేతులపై  -  ధన లాభం\r\nపిక్కల పై  -  బంధువుల రాక\r\nఎడమ కన్ను  -  మీ భర్తజదగ్గరైన వారి ప్రేమ పొందుతారు\r\nకింది పెదవి  -  కొత్త వస్తువులు మీ దగ్గరకు చేరుతాయి'),
(2, 'బల్లి శాస్త్రం పురుషులకు ప్రభావం', 'వీపు పై కుడి వైపు  -  రాజ భయం\r\nమోచేయి  -  డబ్బు నష్టం\r\nకుడి భుజం  -  కష్టాలు, సమస్యలు\r\nఎడమ భుజం  -  పదిమందిలో అగౌరవం జరుగుతుంది\r\nతొడలు  -  దుస్తులు, వస్త్రాలు నాశనం అవుతాయి\r\nమీసాలపై  -  కష్టాలు వెంటాడతాయి\r\nకాలి వేళ్లపై  -  అనారోగ్య సమస్యలు\r\nతలపై భాగాన  -  మరణం వెంటాడుతున్నట్లు\r\nకుడి కన్ను  -  చేసిన పని విజయవంతం కాదు, అపజయం కలుగుతుంది\r\nనుదురు పై  -  ఇతర సమస్యలతో చిక్కుకోవడం, విడిపోవడం\r\nకుడి చెంప  -  బాధపడటం\r\nపై పెదవి  -  కలహాలు వంటపడుతాయి\r\nరెండు పెదవుల మధ్య  -  మృత్యువు సంభవిస్తుంది\r\nమణికట్టు  -  అలంకార ప్రాప్తి కలుగుతుంది\r\nవ్రేళ్ల పై  -  అనుకోకుండా బంధువ, స్నేహితుల రాక\r\nపాదముల పై  -  ప్రయాణానికి సిద్ధం\r\nముఖంపై  -  ఆర్దిక సమస్యలు తొలగి, లాభాల బాట పడతారు\r\nఎడమ కన్ను  -  అంతా శుభమే జరుగుతుంది\r\nఎడమ చెవి  -  ఆదాయం బాగా వస్తుంది, లాభము\r\nకింది పెదవి  -  ఆదాయంలో లాభం కలుగుతుంది\r\nవీపు పై ఎడమ భాగం  -  విజయం కలుగుతుంది');

-- --------------------------------------------------------

--
-- Table structure for table `festivals`
--

CREATE TABLE `festivals` (
  `id` int(11) NOT NULL,
  `date` date DEFAULT NULL,
  `festival` text DEFAULT NULL
) ENGINE=InnoDB DEFAULT CHARSET=utf8mb4;

--
-- Dumping data for table `festivals`
--

INSERT INTO `festivals` (`id`, `date`, `festival`) VALUES
(4, '2023-01-01', 'ఆంగ్ల  సంవత్సరాది'),
(5, '2023-01-02', 'ముక్కోటి ఏకాదశి\r\nపుష్య పుత్రాద ఏకాదశి\r\nవరల్డ్   నేచర్  డే	\r\n'),
(7, '2023-01-04', 'ప్రదోష వ్రతం	'),
(9, '2023-01-06', 'శ్రీ సత్యనారాయణ పూజ\r\nపౌర్ణమి వ్రతం\r\nపౌర్ణమి\r\nఎపిఫని'),
(10, '2023-01-10', 'సంకటహర చతుర్థి'),
(11, '2023-01-11', 'ఉత్తరాషాఢ కార్తె\r\nత్యాగరాజ స్వామి ఆరాధన'),
(12, '2023-01-12', 'స్వామి వివేకానంద జయంతి\r\nనేషనల్ యూత్ డే'),
(13, '2023-01-14', 'భోగి'),
(14, '2023-01-15', 'ఉత్తరాయణ పుణ్యకాలం ప్రారంభం\r\nమకర సంక్రాంతి\r\nపొంగల్'),
(15, '2023-01-16', 'ముక్కనుము \r\nబొమ్మలనోము \r\nకనుము'),
(16, '2023-01-18', 'షట్టిల ఏకాదశి'),
(17, '2023-01-19', 'ప్రదోష వ్రతం'),
(18, '2023-01-20', 'మాస శివరాత్రి'),
(19, '2023-01-21', ' అమావాస్య \r\n చొల్లంగి అమావాస్య'),
(20, '2023-01-22', 'చంద్రోదయం \r\nమాఘ గుప్త నవరాత్రి'),
(21, '2023-01-23', 'సోమవారం వృతం \r\nనేతాజీ జయంతి'),
(22, '2023-01-24', 'గణేష్‌ జయంతి\r\nశ్రావణ కార్తె \r\nశ్రీ మార్కండేయ మహర్షి జయంతి'),
(23, '2023-01-25', 'చతుర్థి వ్రతం'),
(24, '2023-01-26', 'స్కంద షష్టి \r\nసరస్వతి పూజ \r\nరిపబ్లిక్ డే'),
(25, '2023-01-28', 'రధసప్తమి \r\nభీష్మాష్టమి \r\nలాలా లజపతిరాయ్ జయంతి'),
(26, '2023-01-29', 'దుర్గాష్టమి వ్రతం'),
(27, '2023-01-30', 'మహాత్మాగాంధీ వర్ధంతి \r\nమధ్వ నవమి'),
(28, '2023-01-31', 'అవతార్ మిహిర్ బాబా అమరతిథి'),
(29, '2023-02-01', 'జయ ఏకాదశి'),
(30, '2023-02-02', 'ప్రదోష వ్రతం'),
(31, '2023-02-05', 'హాజరతే అలీ జయంతి\r\nమాఘపూర్ణిమ \r\nసింధుస్నానం\r\nశ్రీ సత్యనారాయణ పూజ \r\nపౌర్ణమి వ్రతం \r\nపౌర్ణమి'),
(32, '2023-02-06', 'ధనిష్ఠ కార్తె'),
(33, '2023-02-09', 'సంకటహర చతుర్థి'),
(34, '2023-02-13', 'భాను సప్తమి \r\nకుంభ సంక్రమణం'),
(35, '2023-02-14', 'వాలెంటైన్స్ డే'),
(36, '2023-02-18', 'మహాశివరాత్రి \r\nమాస శివరాత్రి \r\nప్రదోష వ్రతం \r\nశనిత్రయోదశి'),
(37, '2023-02-19', 'షబ్-ఎ-మేరాజ్'),
(38, '2023-02-20', 'శతభిష కార్తె  \r\nఅమావాస్య \r\nసోమవారం వృతం'),
(39, '2023-02-21', 'చంద్రోదయం \r\nయాదాద్రి శ్రీలక్ష్మి నరసింహస్వామివారి బ్రహ్మౌత్సువాలు ప్రారంభం'),
(40, '2023-02-23', 'చతుర్థి వ్రతం'),
(41, '2023-02-25', 'స్కంద షష్టి \r\nమెహర్ బాబా జయంతి'),
(42, '2023-02-27', 'దుర్గాష్టమి వ్రతం'),
(43, '2023-02-28', 'యాదాద్రి శ్రీలక్ష్మి నరసింహస్వామివారి బ్రహ్మౌత్సువాలు తిరుకళ్యాణం \r\n నేషనల్ సైన్స్ డే'),
(44, '2023-03-03', 'తిరుమల శ్రీవారి తెప్పోత్సవం ప్రారంభం \r\n కోరుకొండ తీర్థం'),
(45, '2023-03-04', 'శనిత్రయోదశి\r\nపూర్వాభాద్ర కార్తె \r\nప్రదోష వ్రతం'),
(46, '2023-03-07', 'హోలీ పండుగ \r\nశ్రీలక్ష్మి జయంతి \r\nహోలిక దహన్ \r\nతిరుమల శ్రీవారి తెప్పోత్సవం సమాప్తి  \r\nపౌర్ణమి \r\nపౌర్ణమి వ్రతం \r\nశ్రీ సత్యనారాయణ పూజ'),
(47, '2023-03-08', 'షబ్-ఎ-బరాత్'),
(48, '2023-03-11', 'సంకటహర చతుర్థి'),
(49, '2023-03-12', 'రంగ పంచమి'),
(50, '2023-03-14', 'శీతల సప్తమి'),
(51, '2023-03-15', 'బుద్ధ అష్టమి \r\nమీన సంక్రమణం'),
(52, '2023-03-16', 'పొట్టి శ్రీరాములు జయంతి'),
(53, '2023-03-17', 'స్వామి దయానంద సరస్వతి జయంతి'),
(54, '2023-03-18', 'ఉత్తరాభాద్ర కార్తె \r\nపాపమోచనీ ఏకాదశి'),
(55, '2023-03-19', 'ప్రదోష వ్రతం'),
(56, '2023-03-20', 'మాస శివరాత్రి'),
(57, '2023-03-21', 'అమావాస్య'),
(58, '2023-03-22', 'చంద్రోదయం \r\nశ్రీ దుర్ముఖి నామ సంవత్సర ఉగాడి'),
(59, '2023-03-23', 'రంజాన్ నెల ప్రారంభం'),
(60, '2023-03-24', 'మత్స్య జయంతి'),
(61, '2023-03-25', 'వసంత పంచమి \r\nచతుర్థి వ్రతం'),
(62, '2023-03-27', 'సోమవారం వృతం \r\nస్కంద షష్టి'),
(63, '2023-03-29', 'దుర్గాష్టమి వ్రతం \r\nబుద్ధ అష్టమి'),
(64, '2023-03-30', 'శ్రీరామ నవమి'),
(65, '2023-03-31', 'రేవతి కార్తె \r\nధర్మరాజు దశమి'),
(66, '2023-04-01', 'కామద ఏకాదశి \r\nఏప్రిల్ ఫూల్'),
(67, '2023-04-02', 'తాటాకు ఆదివారం'),
(68, '2023-04-03', 'అనంగ త్రయోదశి \r\nసోమా ప్రదోష వ్రతం \r\nప్రదోష వ్రతం'),
(69, '2023-04-04', 'మహావీర్ జయంతి'),
(70, '2023-04-05', 'బాబూ జగజ్జీవన్ రామ్ జయంతి \r\nశ్రీ సత్యనారాయణ పూజ \r\n పౌర్ణమి వ్రతం'),
(71, '2023-04-06', 'హనుమజ్జయంతి  \r\nపస్కా పండుగ \r\nపౌర్ణమి'),
(72, '2023-04-07', 'వసంత నవరాత్రి ప్రారంభం \r\nవరల్డ్ హెల్త్ డే \r\nగుడ్ ఫ్రైడే'),
(73, '2023-04-09', 'సంకటహర చతుర్థి \r\nఈస్టర్ సండే'),
(74, '2023-04-11', 'జ్యోతిరావుఫూలే జయంతి \r\nషహదత్ హజ్రత్ అలీ'),
(75, '2023-04-14', 'జుమతుల్-విదా \r\nమేష సంక్రమణం \r\nఅశ్విని కార్తె \r\nఅంబెడ్కర్ జయంతి'),
(76, '2023-04-16', 'వరూధినీ ఏకాదశి'),
(77, '2023-04-17', 'సోమా ప్రదోష వ్రతం \r\nప్రదోష వ్రతం'),
(78, '2023-04-18', 'షబ్-ఎ-ఖద్ర్ (లైలతుల్ ఖద్ర్) \r\nమాస శివరాత్రి'),
(79, '2023-04-20', 'అమావాస్య'),
(80, '2023-04-21', 'చంద్రోదయం'),
(81, '2023-04-22', 'సింహాచల చందనోత్సవం \r\nఅక్షయ తృతీయ \r\nపరశురామ జయంతి \r\nరంజాన్ \r\nఎర్త్ డే'),
(82, '2023-04-23', 'చతుర్థి వ్రతం \r\nబసవ జయంతి'),
(83, '2023-04-24', 'సోమవారం వృతం'),
(84, '2023-04-25', 'శ్రీరామానుజ జయంతి \r\nశ్రీ ఆదిశంకరాచార్య జయంతి'),
(85, '2023-04-26', 'స్కంద షష్టి'),
(86, '2023-04-28', 'భరణి కార్తె \r\nదుర్గాష్టమి వ్రతం'),
(87, '2023-04-30', 'శ్రీ వాసవి కన్యకాపరమేశ్వరి జయంతి \r\nశ్రీ శ్రీ జయంతి \r\nశ్రీ వీరబ్రహ్మేంద్రస్వామి ఆరాధన'),
(88, '2023-05-01', 'శ్రీ అన్నవర సత్యదేవుని కళ్యాణంం \r\nమోహిని ఏకాదశి \r\nమే దే'),
(89, '2023-05-03', 'ప్రదోష వ్రతం'),
(90, '2023-05-04', 'నృసింహ జయంతి'),
(91, '2023-05-05', 'శ్రీ కూర్మ జయంతి \r\nఅన్నమయ్య జయంతి \r\nచైత్ర పూర్ణమి \r\nశ్రీ సత్యనారాయణ పూజ \r\nబుద్ధ పూర్ణిమ \r\nపౌర్ణమి వ్రతం \r\nపౌర్ణమి \r\nవైశాఖి పూర్ణిమ'),
(92, '2023-05-08', 'సంకటహర చతుర్థి'),
(93, '2023-05-11', 'కృత్తిక కార్తె'),
(94, '2023-05-14', 'మాతృ దినోత్సవం'),
(95, '2023-05-15', 'అపార ఏకాదశి \r\nవృషభ సంక్రాంతి'),
(96, '2023-05-17', 'మాస శివరాత్రి \r\nప్రదోష వ్రతం'),
(97, '2023-05-19', 'అమావాస్య'),
(98, '2023-05-20', 'చంద్రోదయం'),
(99, '2023-05-22', 'సోమవారం వృతం'),
(100, '2023-05-23', 'చతుర్థి వ్రతం'),
(101, '2023-05-25', 'రోహిణి కార్తె \r\nస్కంద షష్టి'),
(102, '2023-05-26', 'శీతల షష్టి'),
(103, '2023-05-28', 'దుర్గాష్టమి వ్రతం \r\nవృషభ వ్రతం'),
(104, '2023-05-30', 'గాయత్రీ జయంతి \r\nదశాపాపహర దశమి'),
(105, '2023-05-31', 'నిర్జల ఏకాదశి'),
(106, '2023-06-01', 'తిరుమల శ్రీవారి జ్యేష్ఠ అభిషేకం ప్రారంభం \r\nరామలక్ష్మణ ద్వాదశి \r\nప్రదోష వ్రతం'),
(107, '2023-06-02', 'తెలంగాణా రాష్ట్ర అవతరణ దినోత్సవము'),
(108, '2023-06-03', ' శ్రీ సత్యనారాయణ పూజ \r\n పౌర్ణమి వ్రతం \r\n వట సావిత్రి పూర్ణిమ \r\n తిరుమల శ్రీవారి జ్యేష్ఠ అభిషేకం సమాప్తి'),
(109, '2023-06-04', 'ఏరువాక పౌర్ణమి \r\nపౌర్ణమి'),
(110, '2023-06-05', 'పర్యావరణ దినోత్సవం'),
(111, '2023-06-07', 'సంకటహర చతుర్థి'),
(112, '2023-06-08', 'మృగశిర కార్తె'),
(113, '2023-06-15', 'ప్రదోష వ్రతం \r\nమిధున సంక్రమణం'),
(114, '2023-06-16', 'మాస శివరాత్రి'),
(115, '2023-06-18', 'అమావాస్య \r\nఫాథర్స్ డే'),
(116, '2023-06-19', 'చంద్రోదయం \r\nసోమవారం వృతం'),
(117, '2023-06-20', 'పూరీ జగన్నాథ క్షేత్ర రథోత్సవం'),
(118, '2023-06-22', 'చతుర్థి వ్రతం'),
(119, '2023-06-23', 'అరుద్ర కార్తె \r\nస్కంద పంచమి'),
(120, '2023-06-24', 'కుమారషష్ఠి \r\nస్కంద షష్టి'),
(121, '2023-06-25', 'బోనాలు ప్రారంభం'),
(122, '2023-06-26', 'దుర్గాష్టమి వ్రతం'),
(123, '2023-06-29', 'బక్రీద్ \r\nచాతుర్మాస్య గోపద్మ వ్రతారంభం \r\nశయన ఏకాదశి'),
(124, '2023-07-01', 'ప్రదోష వ్రతం \r\n శనిత్రయోదశి \r\n కుసుమహరా జయంతి'),
(125, '2023-07-02', 'బోనాలు'),
(126, '2023-07-03', 'సెయింట్ థామస్ డే \r\nశ్రీ సత్యనారాయణ పూజ \r\nపౌర్ణమి వ్రతం \r\nవ్యాస పూజ \r\nగురు పూర్ణిమ \r\n పౌర్ణమి'),
(127, '2023-07-04', 'అల్లూరి సీతారామ రాజు జయంతి \r\nచాతుర్మాస ద్వితీయ అశూన్య శయన వ్రతం'),
(128, '2023-07-06', 'పునర్వసు కార్తె \r\nసంకటహర చతుర్థి'),
(129, '2023-07-07', 'ఈద్-ఇ-గదీర్'),
(130, '2023-07-09', 'బోనాలు'),
(131, '2023-07-11', 'ప్రపంచ జనాభా దినోత్సవం'),
(132, '2023-07-13', 'కామిక ఏకాదశి'),
(133, '2023-07-15', 'శనిత్రయోదశి \r\nప్రదోష వ్రతం \r\nమాస శివరాత్రి'),
(134, '2023-07-16', 'కర్కాటక సంక్రమణం \r\n బోనాలు'),
(135, '2023-07-17', 'బోనాలు \r\nఅమావాస్య \r\nసోమవారం వృతం \r\nదక్షిణాయనం ప్రారంభం'),
(136, '2023-07-18', 'ఆషాడ గుప్త నవరాత్రి'),
(137, '2023-07-19', 'చంద్రోదయం \r\nఇస్లామీయ సంవత్సరాది'),
(138, '2023-07-21', 'చతుర్థి వ్రతం \r\nపుష్యమి కార్తె'),
(139, '2023-07-24', 'స్కంద షష్టి'),
(140, '2023-07-26', 'దుర్గాష్టమి వ్రతం'),
(141, '2023-07-28', '9th ముహర్రం'),
(142, '2023-07-29', 'ఆషూరా దినం (మొహర్రం) \r\nపద్మిని ఏకాదశి'),
(143, '2023-07-30', 'ప్రదోష వ్రతం'),
(144, '2023-08-01', ' పౌర్ణమి \r\nశ్రీ సత్యనారాయణ పూజ \r\nపౌర్ణమి వ్రతం'),
(145, '2023-08-04', 'ఆశ్లేష కార్తె \r\nసంకటహర చతుర్థి'),
(146, '2023-08-06', 'స్నేహితుల దినోత్సవం'),
(147, '2023-08-12', 'పరమ ఏకాదశి'),
(148, '2023-08-13', 'ప్రదోష వ్రతం'),
(149, '2023-08-14', 'మాస శివరాత్రి'),
(150, '2023-08-15', 'భారత స్వాతంత్య్ర దినోత్సవం'),
(151, '2023-08-16', 'అమావాస్య'),
(152, '2023-08-17', 'చంద్రోదయం \r\nముహర్రం ముగుస్తుంది \r\nసింహ సంక్రమణం'),
(153, '2023-08-18', 'మఖ కార్తె'),
(154, '2023-08-19', 'ప్రపంచ ఛాయాచిత్ర దినోత్సవం'),
(155, '2023-08-20', 'చతుర్థి వ్రతం'),
(156, '2023-08-21', 'గరుడ పంచమి \r\nసోమవారం వృతం \r\nనాగ పంచమి'),
(157, '2023-08-22', 'కల్కి జయంతి \r\nస్కంద షష్టి'),
(158, '2023-08-24', 'దుర్గాష్టమి వ్రతం'),
(159, '2023-08-25', 'వరలక్ష్మి వ్రతం'),
(160, '2023-08-26', 'తిరుమల శ్రీవారి పవిత్రోత్సవ ప్రారంభం'),
(161, '2023-08-27', 'శ్రావణ పుత్రద ఏకాదశి'),
(162, '2023-08-28', 'ప్రదోష వ్రతం , సోమా ప్రదోష వ్రతం'),
(163, '2023-08-29', 'తిరుమల శ్రీవారి తెప్పోత్సవం సమాప్తి \r\nఓనం'),
(164, '2023-08-30', 'పౌర్ణమి వ్రతం \r\nరాఖీ \r\nశ్రీ సత్యనారాయణ పూజ'),
(165, '2023-08-31', 'జంధ్యాల పూర్ణిమ \r\nవైఖానస హయగ్రీవ జయంతి \r\nపౌర్ణమి \r\nపుబ్బ కార్తె \r\nశ్రావణ పూర్ణిమ'),
(166, '2022-09-02', 'సంకటహర చతుర్థి'),
(167, '2022-09-04', 'రక్షా పంచమి'),
(168, '2023-09-04', 'రక్షా పంచమి'),
(169, '2023-09-02', 'సంకటహర చతుర్థి'),
(170, '2023-09-05', 'బలరామ జయంతి \r\nగురు పూజోత్సవం'),
(171, '2023-09-06', ' అర్బయిన్ \r\n బుద్ధ అష్టమి'),
(172, '2023-09-07', 'శ్రీకృష్ణాష్టమి'),
(173, '2023-09-12', 'ప్రదోష వ్రతం'),
(174, '2023-09-13', 'ఉత్తర కార్తె \r\nమాస శివరాత్రి'),
(175, '2023-09-14', 'అమావాస్య \r\nపొలాల అమావాస్య'),
(176, '2023-09-16', 'చంద్రోదయం'),
(177, '2023-09-17', 'కన్య సంక్రాంతి \r\nవరాహ జయంతి \r\nవిశ్వకర్మ జయంతి'),
(178, '2023-09-18', 'వినాయక చవితి \r\nసోమవారం వృతం \r\nసమవేదం ఉపకారమా'),
(179, '2023-09-19', 'చతుర్థి వ్రతం'),
(180, '2023-09-20', 'ఋషి పంచమి'),
(181, '2023-09-21', 'స్కంద షష్టి'),
(182, '2023-09-22', 'మహాలక్ష్మి వ్రతం'),
(183, '2023-09-23', 'రాధాష్టమి \r\nదుర్గాష్టమి వ్రతం'),
(184, '2023-09-25', 'పార్శ్వ ఏకాదశి'),
(185, '2023-09-26', 'వైష్ణవ పార్శ్వ ఏకాదశి \r\nవామన జయంతి'),
(186, '2023-09-27', 'ప్రపంచ పర్యాటక దినోత్సవం \r\nప్రదోష వ్రతం'),
(187, '2023-09-28', 'మిలాద్ ఉన్ నబి \r\nహస్త కార్తె \r\nఅనంత పద్మనాభ వ్రతం \r\nగణేష్ నిమజ్జనం'),
(188, '2023-09-29', 'పౌర్ణమి \r\nమహాలయ పక్ష ప్రారంభం \r\nశ్రీ సత్యనారాయణ పూజ \r\n పౌర్ణమి వ్రతం'),
(189, '2023-10-02', 'మహాభరణి \r\nలాల్ బహదూర్ శాస్త్రి జయంతి \r\nగాంధీ జయంతి \r\nసంకటహర చతుర్థి'),
(190, '2023-10-04', 'ప్రపంచ వన్యప్రాణి దినోత్సవం'),
(191, '2023-10-06', 'మహాలక్ష్మి వ్రతం సమాప్తి \r\nమధ్య అష్టమి'),
(192, '2023-10-10', 'మాఘ స్మారక \r\nఇందిర ఏకాదశి'),
(193, '2023-10-11', 'చిత్త కార్తె \r\nయతి మహాలయ \r\nప్రదోష వ్రతం'),
(194, '2023-10-12', 'మాస శివరాత్రి'),
(195, '2023-10-14', 'అమావాస్య \r\nబతుకమ్మ ప్రారంభం \r\nమహాలయ అమావాస్య'),
(196, '2023-10-16', 'సోమవారం వృతం \r\nచంద్రోదయం'),
(197, '2023-10-18', 'తులా సంక్రమణం \r\nచతుర్థి వ్రతం \r\nతులా కావేరి స్నానం'),
(198, '2023-10-19', 'లలితా పంచమి'),
(199, '2023-10-20', 'స్కంద షష్టి \r\nసరస్వతి పూజ ప్రారంభం'),
(200, '2023-10-21', 'దుర్గ పూజ \r\nసరస్వతి పూజ'),
(201, '2023-10-22', 'దుర్గాష్టమి వ్రతం \r\nసద్దుల బతుకమ్మ పండుగ \r\nదుర్గాష్టమి'),
(202, '2023-10-23', 'సరస్వతి పూజ \r\nమహర్నవమి'),
(203, '2023-10-23', 'సరస్వతి పూజ \r\nమహర్నవమి'),
(204, '2023-10-24', 'స్వాతి కార్తె'),
(205, '2023-10-25', 'విజయ దశమి \r\nపాశాంకుశ ఏకాదశి'),
(206, '2023-10-26', 'ప్రదోష వ్రతం'),
(207, '2023-10-28', 'శ్రీ సత్యనారాయణ పూజ\r\nపౌర్ణమి వ్రతం \r\nపౌర్ణమి \r\nవాల్మీకి జయంతి'),
(208, '2023-10-31', 'ఉండ్రాళ్ళ తద్దె'),
(209, '2023-11-01', 'కార్వా చౌత్ \r\nసంకటహర చతుర్థి \r\nయాజ్ దహుమ్'),
(210, '2023-11-07', 'విశాఖ కార్తె'),
(211, '2023-11-09', 'రమ ఏకాదశి'),
(212, '2023-11-10', 'ప్రదోష వ్రతం \r\nదంతేరాస్'),
(213, '2023-11-11', 'ధనత్రయోదశి \r\nమాస శివరాత్రి \r\nధన్వంతరీ జయంతి'),
(214, '2023-11-12', 'దీపావళి \r\nనరక చతుర్ధశి \r\nకేదార గౌరీ వ్రతం'),
(215, '2023-11-13', 'అమావాస్య \r\nసోమవారం వృతం'),
(216, '2023-11-14', 'దేవి శరన్నవరాత్రి ప్రారంభం \r\nజవహర్ లాల్ నెహ్రూ జయంతి \r\nబాలల దినోత్సవం \r\nఆకాశ దీప ప్రారంభం \r\nచంద్రోదయం'),
(217, '2023-11-15', 'యమ ద్వితీయ \r\nభగినీహస్త భోజనం'),
(218, '2023-11-16', 'నాగుల చవితి'),
(219, '2023-11-17', 'మండల కలం ఆరంభం \r\nచతుర్థి వ్రతం \r\nవృశ్చిక సంక్రమణం'),
(220, '2023-11-18', 'స్కంద షష్టి'),
(221, '2023-11-19', 'సూర్య షష్టి'),
(222, '2023-11-20', 'అనురాధ కార్తె \r\nదుర్గాష్టమి వ్రతం\r\n గోపాష్టమి'),
(223, '2023-11-23', 'ప్రబోధిని ఏకాదశి,\r\nకార్తీక శుద్ధ ఏకాదశి \r\nక్షీరాబ్ది ద్వాదశి \r\nచాతుర్మాస్య వ్రాత సమాప్తి \r\nకైశిక ద్వాదశి \r\nశ్రీ సత్యసాయిబాబా జయంతి'),
(225, '2023-11-20', 'విశ్వేశ్వర వ్రతం'),
(228, '2023-11-24', 'ప్రదోష వ్రతం \r\nతులసి వివాహం'),
(229, '2023-11-25', 'విశ్వేశ్వర వ్రతం'),
(230, '2023-11-27', 'పౌర్ణమి \r\nగురునానక్ జయంతి \r\nకార్తీక పౌర్ణమి \r\nశ్రీ సత్యనారాయణ పూజ \r\nఉమామహేశ్వర వ్రతం \r\nపౌర్ణమి వ్రతం \r\nజ్వాలా తోరణం'),
(231, '2023-11-30', 'సౌభాగ్య సుందరి తీజ్ \r\nసంకటహర చతుర్థి'),
(232, '2023-12-01', 'ఎయిడ్స్ డే \r\nహజ్రత్ సయ్యద్ మహ్మద్ జువనపురి మెహిదీమావుద్'),
(233, '2023-12-03', 'జ్యేష్ఠ కార్తె'),
(234, '2023-12-08', 'ఉత్పన్న ఏకాదశి'),
(235, '2023-11-09', 'వైష్ణవ ఉత్పన్న ఏకాదశి'),
(237, '2023-12-09', 'వైష్ణవ ఉత్పన్న ఏకాదశి'),
(238, '2023-12-10', 'ప్రదోష వ్రతం'),
(239, '2023-12-11', 'మాస శివరాత్రి'),
(240, '2023-12-12', 'అమావాస్య'),
(241, '2023-12-13', 'గోవర్ధన పూజ'),
(242, '2023-12-14', 'చంద్రోదయం'),
(243, '2023-12-16', 'మూల కార్తె \r\nచతుర్థి వ్రతం \r\nధనుస్సంక్రమణం'),
(244, '2023-12-17', 'సుబ్రహ్మణ్య షష్ఠి \r\nధనుర్మాస పూజ'),
(245, '2023-12-18', 'సోమవారం వృతం \r\nస్కంద షష్టి'),
(246, '2023-12-20', 'దుర్గాష్టమి వ్రతం'),
(247, '2023-12-22', 'గీతా జయంతి \r\nమోక్షద ఏకాదశి'),
(248, '2023-12-23', 'ముక్కోటి ఏకాదశి'),
(249, '2023-12-24', 'ప్రదోష వ్రతం \r\nక్రిస్టమస్ ఈవ్ \r\nహనుమద్ర్వతం'),
(250, '2023-12-25', 'క్రిస్టమస్'),
(251, '2023-12-26', 'దత్త జయంతి \r\nబాక్సింగ్ డే \r\nశ్రీ సత్యనారాయణ పూజ \r\n పౌర్ణమి వ్రతం \r\n పౌర్ణమి'),
(252, '2023-12-27', 'మండల పూజ'),
(253, '2023-12-29', 'పూర్వాషాఢ కార్తె'),
(254, '2023-12-30', 'సంకటహర చతుర్థి');

-- --------------------------------------------------------

--
-- Table structure for table `months`
--

CREATE TABLE `months` (
  `id` int(11) NOT NULL,
  `month` text DEFAULT NULL
) ENGINE=InnoDB DEFAULT CHARSET=utf8mb4;

--
-- Dumping data for table `months`
--

INSERT INTO `months` (`id`, `month`) VALUES
(1, 'January'),
(2, 'February'),
(3, 'March'),
(4, 'April'),
(5, 'May'),
(6, 'June'),
(7, 'July'),
(8, 'August'),
(9, 'September'),
(10, 'October'),
(11, 'November'),
(12, 'December');

-- --------------------------------------------------------

--
-- Table structure for table `muhurtham`
--

CREATE TABLE `muhurtham` (
  `id` int(11) NOT NULL,
  `muhurtham` varchar(255) DEFAULT NULL
) ENGINE=InnoDB DEFAULT CHARSET=utf8mb4;

--
-- Dumping data for table `muhurtham`
--

INSERT INTO `muhurtham` (`id`, `muhurtham`) VALUES
(1, 'వివాహ  ముహూర్తం'),
(2, 'నామకరణం  ముహూర్తం'),
(3, 'గృహ ప్రవేశం  ముహూర్తం'),
(4, 'వాహన  ముహూర్తం');

-- --------------------------------------------------------

--
-- Table structure for table `muhurtham_tab`
--

CREATE TABLE `muhurtham_tab` (
  `id` int(11) NOT NULL,
  `muhurtham_id` int(11) NOT NULL,
  `date` date DEFAULT NULL,
  `title` varchar(255) DEFAULT NULL,
  `description` text DEFAULT NULL
) ENGINE=InnoDB DEFAULT CHARSET=utf8mb4;

--
-- Dumping data for table `muhurtham_tab`
--

INSERT INTO `muhurtham_tab` (`id`, `muhurtham_id`, `date`, `title`, `description`) VALUES
(1, 1, '2023-01-19', 'Hello Everyone', 'This is the sample');

-- --------------------------------------------------------

--
-- Table structure for table `namakaram`
--

CREATE TABLE `namakaram` (
  `id` int(11) NOT NULL,
  `title` text DEFAULT NULL,
  `description` text DEFAULT NULL
) ENGINE=InnoDB DEFAULT CHARSET=utf8mb4;

--
-- Dumping data for table `namakaram`
--

INSERT INTO `namakaram` (`id`, `title`, `description`) VALUES
(2, 'అశ్విని నక్షత్రం', 'చూ - చే - చో - ల\r\nChu, Che, Cho, Choo, La, Laa'),
(3, 'భరణి నక్షత్రం', 'లి - లూ - లే - లో\r\nLi, Lu, Le, Lo, Lee'),
(4, 'కృత్తిక నక్షత్రం', 'ఆ - ఈ - ఊ - ఏ\r\nAa, Ae, E, Ee, Ai, A, I, Oo, U'),
(5, 'రోహిణి నక్షత్రం', 'ఓ - వా - వీ - వూ\r\nO, Va, Vaa, Vi, Vee, Vu, Voo, Wa, Wu'),
(6, 'మృగశిర నక్షత్రం', 'వే - వో - కా - కి\r\nVe, Vo, Ka, Kaa, Ki Kee, We, Wo'),
(7, 'ఆరుద్ర నక్షత్రం', 'కూ - ఖం - జ్ఞా - చ్చా\r\nKu, Kam, Ja, Cha, Gha, Da, Na, Jha'),
(8, 'పునర్వసు నక్షత్రం', 'కే - కో - హా - హీ\r\nKe, Kay Ko, Ha, Hi, Hee'),
(9, 'పుష్యమి నక్షత్రం', 'హూ - హే - హో - డా\r\nHu, He, Ho, Da'),
(10, 'ఆశ్లేష నక్షత్రం', 'డి - డు - డె - డో\r\nDi, Du, De, Do, Dee, Me, Da'),
(11, 'మఖ నక్షత్రం', 'మా - మీ - మూ - మే\r\nMa,Maa, Mi, Mee Mu, Me'),
(12, 'పుబ్బ నక్షత్రం', 'మో - టా - టీ - టూ\r\nMo, Ta, Taa, Ti, Tee, Tu'),
(13, 'ఉత్తర నక్షత్రం', 'టే - టో - పా - పీ\r\nTe, Ta, Taa, To, Pa, Paa, Pi, Pee'),
(14, 'హస్త నక్షత్రం', 'పూ - ష - ణా - ఠా\r\nPu, Sha, Shaa, Na, Poo, Tha'),
(15, 'చిత్త నక్షత్రం', 'పే - పో - రా - రీ\r\nPe, Po, Ra, Raa, Ri, Ree'),
(16, 'స్వాతి నక్షత్రం', 'రూ - రే - రో - త\r\nRu, Re, Ro, Roo, Ta, Taa'),
(17, 'విశాఖ నక్షత్రం', 'తీ - తూ - తే - తో\r\nTi, Tee, Too, Te, Tu, Tae, To'),
(18, 'అనూరాధా నక్షత్రం', 'నొ - నీ -నూ - నే\r\nNa, Naa, Ni, Nu, Ne, Nee, Noo, Nae'),
(19, 'జ్యేష్ఠ నక్షత్రం', 'నో - యా - యీ - యూ\r\nNo, Ya, Yaa, Yi, Yu, Yee'),
(20, 'మూల నక్షత్రం', 'యే - యో - బా - బి\r\nYe, Yu, Ba, Bi, Yo, Bhi, Bha, Bhaa, Bhee'),
(21, 'పూర్వాషాఢ నక్షత్రం', 'బూ - ధా - భా - ఢ\r\nBu, Da, Bhoo, Pha, Dha, Fa'),
(22, 'ఉత్తరాషాఢ నక్షత్రం', 'బే - బో - జా - జీ\r\nBe, Bo, Ja, Ji, Bha, Bhe, Bho, Jaa, Jee'),
(23, 'శ్రవణం నక్షత్రం', 'జూ - జే - జో - ఖా\r\nJu, Je, Jo, Khi , So, Khu, Khe, Kho'),
(24, 'ధనిష్ఠ నక్షత్రం', 'గా - గీ - గూ - గే\r\nGa, Gi, Gu, Ge, Gee'),
(25, 'శతభిషం నక్షత్రం', 'గో - సా - సీ - సూ\r\nGo, Sa, Saa, Si, Su, Soo, See, Gau'),
(26, 'పూర్వాభాద్ర నక్షత్రం', 'సే - సో - దా - దీ\r\nSe, So, Dha, Dhi, Di, Da, Daa, Dee'),
(27, 'ఉత్తరాభాద్ర నక్షత్రం', 'దు - శ్యం - ఝూ - థా \r\nDu, Tha, Jha, Na, Gna, Jna, Da, Gy'),
(28, 'రేవతి నక్షత్రం', 'దే - దో - చా - చీ\r\nDe, Do, Cha, Chaa, Chi, Chee');

-- --------------------------------------------------------

--
-- Table structure for table `panchangam`
--

CREATE TABLE `panchangam` (
  `id` int(11) NOT NULL,
  `date` date DEFAULT NULL,
  `sunrise` text DEFAULT NULL,
  `sunset` text DEFAULT NULL,
  `moonrise` text DEFAULT NULL,
  `moonset` text DEFAULT NULL
) ENGINE=InnoDB DEFAULT CHARSET=utf8mb4;

--
-- Dumping data for table `panchangam`
--

INSERT INTO `panchangam` (`id`, `date`, `sunrise`, `sunset`, `moonrise`, `moonset`) VALUES
(8, '2023-01-18', '13:13', '13:13', '13:13', '13:13'),
(10, '2024-01-01', '15:09', '16:11', '17:11', '16:11'),
(11, '2023-01-21', '06:53', '18:01', '06:16', '17:33');

-- --------------------------------------------------------

--
-- Table structure for table `panchangam_variant`
--

CREATE TABLE `panchangam_variant` (
  `id` int(11) NOT NULL,
  `panchangam_id` int(11) DEFAULT NULL,
  `title` text DEFAULT NULL,
  `description` text DEFAULT NULL
) ENGINE=InnoDB DEFAULT CHARSET=utf8mb4;

--
-- Dumping data for table `panchangam_variant`
--

INSERT INTO `panchangam_variant` (`id`, `panchangam_id`, `title`, `description`) VALUES
(44, 8, 'అష్టమి', 'asg '),
(45, 0, 'title', 'description'),
(46, 8, 'Hello Users', 'Everyone got succees'),
(47, 8, 'test', 'test desx'),
(48, 8, 'test', 'test desx'),
(50, 8, 'నక్షత్రం', 'Everyone got succees'),
(51, 8, 'నక్షత్రం', 'Everyone got succees'),
(52, 8, 'యోగం ', 'Everyone got succees'),
(53, 8, '                                    వారము ', 'Everyone got succees'),
(54, 8, 'అభిజిత్ ముహుర్తాలు', 'Everyone got succees'),
(55, 8, 'అభిజిత్ ముహుర్తాలు', 'Everyone got succees'),
(56, 10, 'అష్టమి', 'మేషరాశి (Aries) అశ్విని, భరణి, కృత్తిక 1 వ పాదం'),
(57, 11, '21 - మాఘము - శుభకృతు - ఉత్తరాయన', 'ఉత్తరాయన\r\n'),
(58, 11, 'వారపు రోజు', 'శనివారం'),
(59, 11, 'తిథి', 'చతుర్దశి  ఉ.  05:29  వరకు  తదుపరి  అమావాస్య  ,  పాడ్యమి');

-- --------------------------------------------------------

--
-- Table structure for table `rashi`
--

CREATE TABLE `rashi` (
  `id` int(11) NOT NULL,
  `rashi` text DEFAULT NULL
) ENGINE=InnoDB DEFAULT CHARSET=utf8mb4;

--
-- Dumping data for table `rashi`
--

INSERT INTO `rashi` (`id`, `rashi`) VALUES
(1, 'మేషం'),
(2, 'వృషభం'),
(3, 'మిధునం'),
(4, 'కర్కాటకం'),
(5, 'సింహం'),
(6, 'కన్య'),
(7, 'తుల'),
(8, 'వృశ్చికం'),
(9, 'ధనుస్సు'),
(10, 'మకరం'),
(11, 'కుంభం'),
(12, 'మీనం');

-- --------------------------------------------------------

--
-- Table structure for table `rashi_tab`
--

CREATE TABLE `rashi_tab` (
  `id` int(11) NOT NULL,
  `rashi_id` int(11) DEFAULT NULL,
  `year` varchar(255) DEFAULT NULL,
  `month` varchar(255) DEFAULT NULL,
  `title` text DEFAULT NULL,
  `description` text DEFAULT NULL
) ENGINE=InnoDB DEFAULT CHARSET=utf8mb4;

--
-- Dumping data for table `rashi_tab`
--

INSERT INTO `rashi_tab` (`id`, `rashi_id`, `year`, `month`, `title`, `description`) VALUES
(11, 1, '2023', 'January', 'mi', 'nnn'),
(12, 2, '2023', 'January', 'rrtrt', 'rerere');

-- --------------------------------------------------------

--
-- Table structure for table `sissu_janma`
--

CREATE TABLE `sissu_janma` (
  `id` int(11) NOT NULL,
  `title` text DEFAULT NULL,
  `description` text DEFAULT NULL
) ENGINE=InnoDB DEFAULT CHARSET=utf8mb4;

--
-- Dumping data for table `sissu_janma`
--

INSERT INTO `sissu_janma` (`id`, `title`, `description`) VALUES
(2, 'అశ్విని నక్షత్ర దోషాలు', 'అశ్విని 1 వ పాదములో జన్మంచిన పిల్లల వలన తండ్రికి దోషం. ఈ దోషము 3 నెలలు ఉండును. ఇక్కడ గమనించ వలసిన విషయము రేవతి, అశ్విని నక్షత్రముల మధ్య సుమారు 48 నిమిషములు సంధి కాలము ఉంటుంది. ఈ సంధి సమయములో జన్మించిన శిశువుకు ఆయుర్దాయము తక్కువగా ఉంటుంది. అశ్విని 2 3 4 పాదములలో జన్మించిన వారికి దోషములేదు.'),
(3, 'భరణి నక్షత్ర దోషాలు', 'భరణి 1 2 4 పాదములలో జన్మంచిన వారికి దోషములేదు. 3 వ పాదములో ఆడపిల్ల పుడితే తల్లికి, మగపిల్ల పుడితే తండ్రికి దోషం కలుగును. ఈ దోషము 23 దినముల వరకు ఉంటుంది.'),
(4, 'కృత్తిక నక్షత్ర దోషాలు', 'కృత్తిక నక్షత్రములో 3 వ పాదములో జన్మంచిన స్త్రీ తల్లికి పురుషుడు తండ్రికి సామాన్య దోషం కలుగ చేయును. 1 2 4 పాదములలో జన్మంచిన వారు స్వల్ప దోషమును కలుగ చేయుదురు.'),
(5, 'రోహిణి నక్షత్ర దోషాలు', 'రోహిణి నక్షత్రము 1 వ పాదములో జన్మించిన మేనమామకు, 2 వ పాదము తండ్రికి, 3 వ పాదము తల్లికి దోషమని 4 వ పాదము దోషము లేదని కొందరి అభిప్రాయము. సామాన్యముగా ఈ నక్షత్రములో పుట్టడం వలన మేనమామకు గండము. తప్పక శాంతి అవసరము . శ్రీ కృష్ణ పరమాత్ముడు ఈ నక్షత్రము నందే జన్మించాడు. మేనమామ గండములో పుట్టాడు . అందు వలననే కంసుడు నాశనమయ్యాడనీ పురాణ వచనము.'),
(6, 'మృగశిర నక్షత్ర దోషాలు', 'మృగశిర 1 2 3 4 పాదములలో జన్మించిన వారికి ఏ విధమైన దోషములు ఉండవు.'),
(7, 'ఆరుద్ర నక్షత్ర దోషాలు', 'ఆరుద్ర నక్షత్రము 1 2 3 పాదములలో జన్మంచిన వారికి దోషము లేదు 4 వ పాదమున జననము జరిగిన సామాన్య శాంతి అవసరము.'),
(8, 'పునర్వసు నక్షత్ర దోషాలు', 'పునర్వసు నక్షత్రము 1 2 3 4 పాదములు అన్నీ మంచివే. ఏ విధమైన శాంతి అవసరము లేదు.'),
(9, 'పుష్యమి నక్షత్ర దోషాలు', 'పుష్యమి నక్షత్రము కర్కాటక లగ్నములో పగటి సమయమున పురుషుడు పుట్టిన తండ్రికి గండము కలుగును. రాత్రి సమయాన స్త్రీ జన్మించినచో తల్లికి గండము కలుగును. పుష్యమి నక్షత్రములో జన్మించిన వారివలన 1 వ పాదము మేనమామలకు 2 పాదములలో తల్లి తండ్రులకు దోషము కలిగింతురు. మూడు, నాల్గవ పాదమున పుట్టిన వారికి సామాన్య దోషము కలుగును. వీరికి శాస్త్రోక్తముగా శాంతిని చేయించాలి.'),
(10, 'ఆశ్లేష నక్షత్ర దోషాలు', 'ఆశ్లేష నక్షత్రములో 1 వ పాదమున పుట్టినవారికి దోషము లేదు. 2 వ పాదము శిశువునకు 3 వ పాదము తల్లికి, 4 వ పాదము తండ్రికి దోషము. నాలుగవ పాదము న జన్మించిన వారికి విశేష శాంతి చేయించుట అవసరము. ఈ నక్షత్రము యొక్క చివరన 24 నిమిషములు సంధి ఉండును.'),
(11, 'మఖ నక్షత్ర దోషాలు', 'మఖ నక్షత్ర 1 వ పాదములో జననమైతే 5 నెలల వరకు తండ్రికి దోషము. మఖ నక్షత్ర ప్రారంభ సమయములో మొదటి 24 నిమిషములు అత్యంత దోషము. 3 వ పాదమున పుట్టిన వారి వలన తల్లి తండ్రి ఇద్దరకి దోషము. 2, 4 పాదములలో జన్మించిన దోషము లేదు.'),
(12, 'పుబ్బ నక్షత్ర దోషాలు', 'పుబ్బ నక్షత్రములో 1 2 3 4 పాదములలో జన్మించిన వారికి దోషము లేదు.'),
(13, 'ఉత్తర నక్షత్ర దోషాలు', 'ఉత్తర నక్షత్ర 1, 4 వ పాదములలో జననము జరిగిన యెడల తల్లి, తండ్రి, అన్నలకు దోషము కలుగును. మిగతా 2 3 పాదములలో పుట్టిన వారికి దోషము లేదు.'),
(14, 'హస్తా నక్షత్ర దోషాలు', 'హస్తా నక్షత్ర 3 వ పాదమున పుట్టిన పురుషుని వలన తండ్రికి, స్త్రీ వలన తల్లికి దోషము కలుగును. మిగతా 1 2 4 పాదములలో జన్మించిన వారికి దోషము లేదు.'),
(15, 'చిత్త నక్షత్ర దోషాలు', 'చిత్త నక్షత్రములో 1 వ పాదము తండ్రికి, 2 వ పాదము తల్లికి 3 వ పాదము తోడ పుట్టిన వారికి దోషము కలిగిస్తుంది. నాల్గవ పాదములో జన్మించిన వారికి సామాన్య దోషము కలుగును.'),
(16, 'స్వాతి నక్షత్ర దోషాలు', 'స్వాతి నక్షత్రమున 1 2 3 4 పాదములలో ఏ పాదమున జన్మించిననూ దోషము లేదు.'),
(17, 'విశాఖ నక్షత్ర దోషాలు', 'విశాఖ నక్షత్రము జన్మించిన వారికి మరుదులు మరియు బావలకు దోషము కలుగును. 1 2 3 4 ఏ పాదములో పుట్టిననూ బంధువులకు గండము. విశేష శాంతి అవసరము.'),
(18, 'అనూరాధ నక్షత్ర దోషాలు', 'అనూరాధ నక్షత్రము 1 2 3 4 పాదములలో జన్మించుట వలన దోషము లేదు.'),
(19, 'జ్యేష్ట నక్షత్ర దోషాలు', 'జ్యేష్ట నక్షత్రము ఈ నక్షత్రము విశేష శాంతి కలిగిన నక్షత్రము. దీనిలో 1 2 3 4 ఏ పాదములో జన్మించినా దోషమే. జాతకుల పుట్టిన రోజున ఉన్న జ్యేష్ట నక్షత్రము మొత్తము సమయాన్ని 10 భాగములు చేయాలి. అందులో ఏ భాగములో పుడితే ఆ భాగ సంబందము కలవారికి తప్పక నాశనము కలుగును. 1 వ భాగములో తాతయ్యకు, 2 అమ్మమ్మకు, 3 తల్లి తోడ బుట్టిన వారికి, మేనమామలకు 4 అన్నలకు, అక్కలకు 5 శిశువునకు, 6 ఎవ్వరికి దోషము ఉండదు, 7 వివాహ సమయములో అత్త వారి బంధు వర్గమునకు, 8 జాతకునకు, 9 తల్లికి, 10 తండ్రికి దోషము కలుగ చేయును. మరియు నాల్గవ పాదమున జననమైతే తండ్రికి దోషము. ఇది సమారు 9 నెలలు ఉండును. విశేష శాంతి చేయించాలి .'),
(20, 'మూల నక్షత్ర దోషాలు', 'మూల నక్షత్రము ఈ నక్షత్రము ప్రారంభమున 24 నిమిషములు సంధి ఉండును. ఈ నక్షత్రములో 1 వ పాదమున జనన మయిన వారి తండ్రికి, 2 వ పాదము తల్లికి, 3 వ పాదము ధనమునకు నాశనము కల్గించును, 4 వ పాదమున జననము జరిగిన దోషము లేదు. మూలా నక్షత్ర సమయమును మొత్తం 12 భాగాలుగా విభజించి దోషమును తెలుసు కోవాలి. పన్నెండు భాగాలలో1 వ భాగము తండ్రికి దోషము, 2 తల్లికి, 3 అన్నలకు, 4 భాగస్వాములకు, 5 పిల్లనిచ్చిన మామగారికి, 6 చిన్నాన్న, పెద్ద నాన్నలకు 7 పిన్నమ్మ, పెద్దమ్మలకు మరియు మేనమామలకు. 8 ధనమునకు, 9 జీవన నాశనము, 10 దరిద్రమును కల్గిస్తుంది, 11 భ్రుత్యులు, 12 జాతకునికి నాశనము కలుగ చేయును. జ్యేష్ట ,మూలా నక్షత్రములలో జన్మించిన వారి దోషము వివాహ కాలము వరకు ఉండును. నవ గ్రహ శాంతి, జప, తప, దానములు ఇచ్చుట వలన దోషములు తొలగును.'),
(21, 'పూర్వాషాడ నక్షత్ర దోషాలు', 'పూర్వాషాడ నక్షత్రము పగటి వేళలో కుమారుడు జన్మించినపుడు తండ్రికి ఆపదలు కలుగును. 2 , 3 వ పాదములలో స్త్రీ గానీ పురుషుడు గానీ ఎవరు పుట్టిననూ తల్లి తండ్రి ఇద్దరికీ గండము. 4 వ పాదమున జననము దోషము లేదు.'),
(22, 'ఉత్తరాషాడ నక్షత్ర దోషాలు', 'ఉత్తరాషాడ నక్షత్రము 1 2 3 4 పాదములలో జననము దోషము లేదు.'),
(23, 'శ్రవణం నక్షత్ర దోషాలు', 'శ్రవణం నక్షత్రము 1 2 3 4 పాదములలో జననము దోషము లేదు.'),
(24, 'ధనిష్ట నక్షత్ర దోషాలు', 'ధనిష్ట నక్షత్రము 1 2 3 4 పాదములలో జననము దోషము లేదు.'),
(25, 'శతభిషం నక్షత్ర దోషాలు', 'శతభిషం నక్షత్రము 1 2 3 4 పాదములలో జననము దోషము లేదు.'),
(26, 'పూర్వాబాద్ర నక్షత్ర దోషాలు', 'పూర్వాబాద్ర నక్షత్రము 1 2 3 పాదములలో జననము దోషము లేదు. నాల్గవ పాదము సామాన్య దోషము .'),
(27, 'ఉత్తరాభాద్ర నక్షత్ర దోషాలు', 'ఉత్తరాభాద్ర నక్షత్రము 1 2 3 4 పాదములలో జననము దోషము లేదు.'),
(28, 'రేవతి నక్షత్ర దోషాలు', 'రేవతి నక్షత్రము 1 2 3 పాదములలో జననము దోషము లేదు. 4 వ పాదమున దోషము. ఈ రేవతి నక్షత్రము చివరి ఘడియలలో జన్మించిన మృత్యుంజయ జపములు రుద్రాభిషేకము తప్పని సరిగా చేయించాలి.');

-- --------------------------------------------------------

--
-- Table structure for table `temples`
--

CREATE TABLE `temples` (
  `id` int(11) NOT NULL,
  `name` text DEFAULT NULL,
  `description` text DEFAULT NULL,
  `location` text DEFAULT NULL,
  `image` text DEFAULT NULL
) ENGINE=InnoDB DEFAULT CHARSET=utf8mb4;

--
-- Dumping data for table `temples`
--

INSERT INTO `temples` (`id`, `name`, `description`, `location`, `image`) VALUES
(1, 'Yaganti Temple', 'Sri Yaganti Uma Maheswara Temple or Yaganti is a temple of Shiva in Nandyal district in the India state of Andhra Pradesh. It was built according to Vaishnavaite traditions.', 'Yaganti, Andhra Pradesh', 'upload/temples/6112-2023-01-18.jpg'),
(3, 'test', 'test', 'rterere', 'upload/temples/2110-2023-01-24.png');

-- --------------------------------------------------------

--
-- Table structure for table `years`
--

CREATE TABLE `years` (
  `id` int(11) NOT NULL,
  `year` text DEFAULT NULL
) ENGINE=InnoDB DEFAULT CHARSET=utf8mb4;

--
-- Dumping data for table `years`
--

INSERT INTO `years` (`id`, `year`) VALUES
(1, '2021'),
(2, '2022'),
(3, '2023'),
(4, '2024'),
(5, '2025');

--
-- Indexes for dumped tables
--

--
-- Indexes for table `audios`
--
ALTER TABLE `audios`
  ADD PRIMARY KEY (`id`);

--
-- Indexes for table `balli_sasthram`
--
ALTER TABLE `balli_sasthram`
  ADD PRIMARY KEY (`id`);

--
-- Indexes for table `festivals`
--
ALTER TABLE `festivals`
  ADD PRIMARY KEY (`id`);

--
-- Indexes for table `months`
--
ALTER TABLE `months`
  ADD PRIMARY KEY (`id`);

--
-- Indexes for table `muhurtham`
--
ALTER TABLE `muhurtham`
  ADD PRIMARY KEY (`id`);

--
-- Indexes for table `muhurtham_tab`
--
ALTER TABLE `muhurtham_tab`
  ADD PRIMARY KEY (`id`);

--
-- Indexes for table `namakaram`
--
ALTER TABLE `namakaram`
  ADD PRIMARY KEY (`id`);

--
-- Indexes for table `panchangam`
--
ALTER TABLE `panchangam`
  ADD PRIMARY KEY (`id`);

--
-- Indexes for table `panchangam_variant`
--
ALTER TABLE `panchangam_variant`
  ADD PRIMARY KEY (`id`);

--
-- Indexes for table `rashi`
--
ALTER TABLE `rashi`
  ADD PRIMARY KEY (`id`);

--
-- Indexes for table `rashi_tab`
--
ALTER TABLE `rashi_tab`
  ADD PRIMARY KEY (`id`);

--
-- Indexes for table `sissu_janma`
--
ALTER TABLE `sissu_janma`
  ADD PRIMARY KEY (`id`);

--
-- Indexes for table `temples`
--
ALTER TABLE `temples`
  ADD PRIMARY KEY (`id`);

--
-- Indexes for table `years`
--
ALTER TABLE `years`
  ADD PRIMARY KEY (`id`);

--
-- AUTO_INCREMENT for dumped tables
--

--
-- AUTO_INCREMENT for table `audios`
--
ALTER TABLE `audios`
  MODIFY `id` int(11) NOT NULL AUTO_INCREMENT, AUTO_INCREMENT=3;

--
-- AUTO_INCREMENT for table `balli_sasthram`
--
ALTER TABLE `balli_sasthram`
  MODIFY `id` int(11) NOT NULL AUTO_INCREMENT, AUTO_INCREMENT=3;

--
-- AUTO_INCREMENT for table `festivals`
--
ALTER TABLE `festivals`
  MODIFY `id` int(11) NOT NULL AUTO_INCREMENT, AUTO_INCREMENT=255;

--
-- AUTO_INCREMENT for table `months`
--
ALTER TABLE `months`
  MODIFY `id` int(11) NOT NULL AUTO_INCREMENT, AUTO_INCREMENT=13;

--
-- AUTO_INCREMENT for table `muhurtham`
--
ALTER TABLE `muhurtham`
  MODIFY `id` int(11) NOT NULL AUTO_INCREMENT, AUTO_INCREMENT=9;

--
-- AUTO_INCREMENT for table `muhurtham_tab`
--
ALTER TABLE `muhurtham_tab`
  MODIFY `id` int(11) NOT NULL AUTO_INCREMENT, AUTO_INCREMENT=7;

--
-- AUTO_INCREMENT for table `namakaram`
--
ALTER TABLE `namakaram`
  MODIFY `id` int(11) NOT NULL AUTO_INCREMENT, AUTO_INCREMENT=29;

--
-- AUTO_INCREMENT for table `panchangam`
--
ALTER TABLE `panchangam`
  MODIFY `id` int(11) NOT NULL AUTO_INCREMENT, AUTO_INCREMENT=12;

--
-- AUTO_INCREMENT for table `panchangam_variant`
--
ALTER TABLE `panchangam_variant`
  MODIFY `id` int(11) NOT NULL AUTO_INCREMENT, AUTO_INCREMENT=60;

--
-- AUTO_INCREMENT for table `rashi`
--
ALTER TABLE `rashi`
  MODIFY `id` int(11) NOT NULL AUTO_INCREMENT, AUTO_INCREMENT=56;

--
-- AUTO_INCREMENT for table `rashi_tab`
--
ALTER TABLE `rashi_tab`
  MODIFY `id` int(11) NOT NULL AUTO_INCREMENT, AUTO_INCREMENT=13;

--
-- AUTO_INCREMENT for table `sissu_janma`
--
ALTER TABLE `sissu_janma`
  MODIFY `id` int(11) NOT NULL AUTO_INCREMENT, AUTO_INCREMENT=29;

--
-- AUTO_INCREMENT for table `temples`
--
ALTER TABLE `temples`
  MODIFY `id` int(11) NOT NULL AUTO_INCREMENT, AUTO_INCREMENT=4;

--
-- AUTO_INCREMENT for table `years`
--
ALTER TABLE `years`
  MODIFY `id` int(11) NOT NULL AUTO_INCREMENT, AUTO_INCREMENT=6;
COMMIT;

/*!40101 SET CHARACTER_SET_CLIENT=@OLD_CHARACTER_SET_CLIENT */;
/*!40101 SET CHARACTER_SET_RESULTS=@OLD_CHARACTER_SET_RESULTS */;
/*!40101 SET COLLATION_CONNECTION=@OLD_COLLATION_CONNECTION */;
